Name,Grade,Stars,Added,Start1,Start2,Fin1,Fin2,HoldNo,,,,,,
Flatty Test,6b,***,2018-02-05,17,19,122,,5,52,54,72,75,98,
Crimp Test,6a,*,2018-02-11,6,1,120,124,4,24,63,50,103,,
Undercuts Test,6a,**,2018-02-12,3,3,124,120,3,65,61,93,,,
Pinch Test,6b,**,2018-02-14,3,9,123,121,6,39,30,83,75,112,116,
Magic Wood Test,6a,**,2018-04-02,4,8,124,120,4,37,29,67,74,
Pocket Test,6b,*,2017-11-12,1,6,118,121,6,42,44,66,71,99,116
Big Move Test,6a,**,2017-01-10,1,6,120,124,2,63,100
PE1,6a,*,2017-11-11, 19,15,121,123,10,52,53,72,77,74,87,106,113,115,122,
PE2,6a,*,2017-10-10,3,9,120,124,11,65,61,92,70,106,93,113,100,91,115,113,
PE3,6a,*,2017-09-30, 6,1,124,125,9,24,34,63,50,67,74,87,106,110,
PE4,6a,*,2017-09-29, 6,3,120,124,9,17,39,30,61,70,83,75,92,114,
PE5,6a,*,2017-10-01, 4, 8, 120,124, 11, 37, 29, 67, 65, 74, 87, 93, 108, 99, 116, 112,
Zeke the Fake,6c,***,2018-05-02,6,18,121,123,7,34,38,68,82,104,97,114
Project 2,6c+,**,2018-05-02,11,4,124,120,2,67,74
Project 3 (Mark's Problem),6c+,**,2018-05-02,8,4,123,121,3,29,63,115
Project 4 (Lord of Lock),6c+,**,2018-05-02,8,4,121,123,4,67,107,113,122
Project 5 (Boob Job),6c+,**,2018-05-02,3,1,121,118,4,81,77,113,120
Project 1,6c+,**,2018-05-02,1,8,118,121,4,55,88,116,120
